11093,9,flavivirus sp.,VHostDB
1286143,15,nienokoue virus,VHostDB
1302179,16,palm creek virus,VHostDB
1903340,40,anopheles flavivirus variant 1
1903341,41,anopheles flavivirus variant 2
1903413,42,anopheles flavivirus-like 1
1969397,46,karumba virus,VHostDB
1969400,49,mac peak virus,VHostDB
643132,107,quang binh virus,VHostDB
667516,110,nakiwogo virus,VHostDB
673515,113,mosquito flavivirus,VHostDB
11093,9,flavivirus sp.,VHostDB
1286143,15,nienokoue virus,VHostDB
1302179,16,palm creek virus,VHostDB
1903340,40,anopheles flavivirus variant 1
1903341,41,anopheles flavivirus variant 2
1903413,42,anopheles flavivirus-like 1
1969397,46,karumba virus,VHostDB
1969400,49,mac peak virus,VHostDB
643132,107,quang binh virus,VHostDB
667516,110,nakiwogo virus,VHostDB
673515,113,mosquito flavivirus,VHostDB
